{
    "0": {
        "precision": 1.0,
        "recall": 1.0,
        "f1": 1.0
    },
    "1": {
        "precision": 1.0,
        "recall": 1.0,
        "f1": 1.0
    },
    "2": {
        "precision": 1.0,
        "recall": 1.0,
        "f1": 1.0
    },
    "3": {
        "precision": 1.0,
        "recall": 1.0,
        "f1": 1.0
    },
    "4": {
        "precision": 0.978494623655914,
        "recall": 1.0,
        "f1": 0.9891304347826086
    },
    "5": {
        "precision": 0.967032967032967,
        "recall": 0.967032967032967,
        "f1": 0.967032967032967
    },
    "6": {
        "precision": 0.9239130434782609,
        "recall": 0.9340659340659341,
        "f1": 0.9289617486338798
    },
    "7": {
        "precision": 0.9021739130434783,
        "recall": 0.9120879120879121,
        "f1": 0.907103825136612
    },
    "8": {
        "precision": 0.851063829787234,
        "recall": 0.8791208791208791,
        "f1": 0.8648648648648649
    },
    "9": {
        "precision": 0.8247422680412371,
        "recall": 0.8791208791208791,
        "f1": 0.851063829787234
    },
    "10": {
        "precision": 0.7916666666666666,
        "recall": 0.8351648351648352,
        "f1": 0.8128342245989305
    }
}