{
    "0": {
        "precision": 1.0,
        "recall": 1.0,
        "f1": 1.0
    },
    "1": {
        "precision": 1.0,
        "recall": 1.0,
        "f1": 1.0
    },
    "2": {
        "precision": 0.9891304347826086,
        "recall": 1.0,
        "f1": 0.994535519125683
    },
    "3": {
        "precision": 0.967032967032967,
        "recall": 0.967032967032967,
        "f1": 0.967032967032967
    },
    "4": {
        "precision": 0.8673469387755102,
        "recall": 0.9340659340659341,
        "f1": 0.8994708994708994
    },
    "5": {
        "precision": 0.8350515463917526,
        "recall": 0.8901098901098901,
        "f1": 0.8617021276595744
    },
    "6": {
        "precision": 0.7731958762886598,
        "recall": 0.8241758241758241,
        "f1": 0.7978723404255319
    },
    "7": {
        "precision": 0.6635514018691588,
        "recall": 0.7802197802197802,
        "f1": 0.7171717171717171
    },
    "8": {
        "precision": 0.5877192982456141,
        "recall": 0.7362637362637363,
        "f1": 0.6536585365853659
    },
    "9": {
        "precision": 0.515625,
        "recall": 0.7252747252747253,
        "f1": 0.6027397260273972
    },
    "10": {
        "precision": 0.4728682170542636,
        "recall": 0.6703296703296703,
        "f1": 0.5545454545454546
    }
}