{
    "0": {
        "precision": 0.13333333333333333,
        "recall": 0.13186813186813187,
        "f1": 0.13259668508287292
    },
    "1": {
        "precision": 0.11071428571428571,
        "recall": 0.34065934065934067,
        "f1": 0.16711590296495957
    },
    "2": {
        "precision": 0.09523809523809523,
        "recall": 0.5934065934065934,
        "f1": 0.1641337386018237
    },
    "3": {
        "precision": 0.09270516717325228,
        "recall": 0.6703296703296703,
        "f1": 0.1628838451268358
    },
    "4": {
        "precision": 0.0842433697347894,
        "recall": 0.5934065934065934,
        "f1": 0.14754098360655737
    },
    "5": {
        "precision": 0.08957952468007313,
        "recall": 0.5384615384615384,
        "f1": 0.1536050156739812
    },
    "6": {
        "precision": 0.09823182711198428,
        "recall": 0.5494505494505495,
        "f1": 0.16666666666666666
    },
    "7": {
        "precision": 0.10570824524312897,
        "recall": 0.5494505494505495,
        "f1": 0.1773049645390071
    },
    "8": {
        "precision": 0.10300429184549356,
        "recall": 0.5274725274725275,
        "f1": 0.17235188509874327
    },
    "9": {
        "precision": 0.1054945054945055,
        "recall": 0.5274725274725275,
        "f1": 0.17582417582417584
    },
    "10": {
        "precision": 0.10218978102189781,
        "recall": 0.46153846153846156,
        "f1": 0.16733067729083664
    }
}