{
    "0": {
        "precision": 0.10388127853881278,
        "recall": 1.0,
        "f1": 0.18821096173733196
    },
    "1": {
        "precision": 0.10388127853881278,
        "recall": 1.0,
        "f1": 0.18821096173733196
    },
    "2": {
        "precision": 0.10388127853881278,
        "recall": 1.0,
        "f1": 0.18821096173733196
    },
    "3": {
        "precision": 0.10388127853881278,
        "recall": 1.0,
        "f1": 0.18821096173733196
    },
    "4": {
        "precision": 0.10388127853881278,
        "recall": 1.0,
        "f1": 0.18821096173733196
    },
    "5": {
        "precision": 0.10388127853881278,
        "recall": 1.0,
        "f1": 0.18821096173733196
    },
    "6": {
        "precision": 0.10388127853881278,
        "recall": 1.0,
        "f1": 0.18821096173733196
    },
    "7": {
        "precision": 0.10388127853881278,
        "recall": 1.0,
        "f1": 0.18821096173733196
    },
    "8": {
        "precision": 0.10388127853881278,
        "recall": 1.0,
        "f1": 0.18821096173733196
    },
    "9": {
        "precision": 0.10388127853881278,
        "recall": 1.0,
        "f1": 0.18821096173733196
    },
    "10": {
        "precision": 0.10388127853881278,
        "recall": 1.0,
        "f1": 0.18821096173733196
    }
}