{
    "0": {
        "precision": 1.0,
        "recall": 0.01098901098901099,
        "f1": 0.021739130434782608
    },
    "1": {
        "precision": 1.0,
        "recall": 0.01098901098901099,
        "f1": 0.021739130434782608
    },
    "2": {
        "precision": 1.0,
        "recall": 0.01098901098901099,
        "f1": 0.021739130434782608
    },
    "3": {
        "precision": 1.0,
        "recall": 0.01098901098901099,
        "f1": 0.021739130434782608
    },
    "4": {
        "precision": 1.0,
        "recall": 0.01098901098901099,
        "f1": 0.021739130434782608
    },
    "5": {
        "precision": 1.0,
        "recall": 0.01098901098901099,
        "f1": 0.021739130434782608
    },
    "6": {
        "precision": 1.0,
        "recall": 0.01098901098901099,
        "f1": 0.021739130434782608
    },
    "7": {
        "precision": 1.0,
        "recall": 0.01098901098901099,
        "f1": 0.021739130434782608
    },
    "8": {
        "precision": 1.0,
        "recall": 0.01098901098901099,
        "f1": 0.021739130434782608
    },
    "9": {
        "precision": 1.0,
        "recall": 0.01098901098901099,
        "f1": 0.021739130434782608
    },
    "10": {
        "precision": 0.0,
        "recall": 0.0,
        "f1": 0.0
    }
}