{
    "0": {
        "precision": 0.12014787430683918,
        "recall": 0.7142857142857143,
        "f1": 0.20569620253164558
    },
    "1": {
        "precision": 0.11295180722891567,
        "recall": 0.8241758241758241,
        "f1": 0.1986754966887417
    },
    "2": {
        "precision": 0.11035422343324251,
        "recall": 0.8901098901098901,
        "f1": 0.19636363636363635
    },
    "3": {
        "precision": 0.10783055198973042,
        "recall": 0.9230769230769231,
        "f1": 0.19310344827586207
    },
    "4": {
        "precision": 0.10319410319410319,
        "recall": 0.9230769230769231,
        "f1": 0.1856353591160221
    },
    "5": {
        "precision": 0.10348977135980746,
        "recall": 0.945054945054945,
        "f1": 0.18655097613882862
    },
    "6": {
        "precision": 0.10438908659549229,
        "recall": 0.967032967032967,
        "f1": 0.18843683083511778
    },
    "7": {
        "precision": 0.10316529894490035,
        "recall": 0.967032967032967,
        "f1": 0.1864406779661017
    },
    "8": {
        "precision": 0.10256410256410256,
        "recall": 0.967032967032967,
        "f1": 0.18545837723919917
    },
    "9": {
        "precision": 0.10440835266821345,
        "recall": 0.989010989010989,
        "f1": 0.1888772298006296
    },
    "10": {
        "precision": 0.10532407407407407,
        "recall": 1.0,
        "f1": 0.1905759162303665
    }
}